11	Flush-Cleaning-Cleaner-Machine-Auto-Transmission_1601383306981	H0a7011924263475292fb9ecf556122a1e/Flush-Cleaning-Cleaner-Machine-Auto-Transmission-Fluid.jpg_480x480.jpg	$310-350	1 set		Flush Cleaning Cleaner Machine Auto Transmission Fluid Oil Exchanger
11	Car-Frame-Straightening-Machine-Car-Body_1601369985879	H9dc8bb7ff99f4858a2390f10aeacd3a6W/Car-Frame-Straightening-Machine-Car-Body-Repair.jpg	$5,700	1 set		Car Frame Straightening Machine Car Body Repair Machine Auto Straightening Bench Auto Body Frame Machine
11	Hot-Sale-Chinese-Manufacturer-Car-Body_1601369962834	Hb5860a605c82467196262fdeba93033e0/Hot-Sale-Chinese-Manufacturer-Car-Body-Frame.jpg	$5,700	1 set		Hot Sale Chinese Manufacturer Car Body Frame Machine Car Body Equipment Auto Straightening Bench
11	Wholesale-Tire-Changing-Machine-Pneumatic-Tire_1600425768449	Hc8673443d8624374b073726422a7a89cW/Wholesale-Tire-Changing-Machine-Pneumatic-Tire-Changer.jpg	$720-780	1 set		Wholesale Tire Changing Machine Pneumatic Tire Changer Tire Shop Package Tools and Equipment
11	Factory-Price-for-Tire-Changer-and_1600612543999	Hb3d97a8c43c0493597ae210d75dc5ba0E/Factory-Price-for-Tire-Changer-and-Wheel.jpg	$940-984	1 set		Factory Price for Tire Changer and Wheel Balancer for Car Workshop Equipment
11	Tire-Changer-Machine-Garage-Equipment-Tools_1600535858509	H3e088b023ebd41f798d912dec8c58f5fj/Tire-Changer-Machine-Garage-Equipment-Tools-Tire.jpg	$777-817	1 set		Tire Changer Machine Garage Equipment Tools Tire Tyre Changers Used for Car
11	Thicker-Turntable-Unite-X-Power-Tyre_1600429021846	H819f883290d744fc9c62fde831536413v/Thicker-Turntable-Unite-X-Power-Tyre-Changer.jpg	$666-706	1 set		Thicker Turntable Unite X Power Tyre Changer Parts for Car Work Shop
11	3D-Wheel-Balancing-Machine-Car-Tyre_1600430144599	H913ee00f7082434baa0ce8216f5a50e8h/3D-Wheel-Balancing-Machine-Car-Tyre-Equipment.jpg	$898-938	1 set		3D Wheel Balancing Machine Car Tyre Equipment Workshop Car Auto Body Shop Tire Repair Machine
11	Factory-High-Quality-Tyre-Dynamic-Balancing_1600892441257	H88a00c613f7743939573b13e4103ba14f/Factory-High-Quality-Tyre-Dynamic-Balancing-Machine.jpg	$369-409	1 set		Factory High Quality Tyre Dynamic Balancing Machine Car Wheel Alignment Balancing Machine Automatic Wheel Balancer
11	Cheap-Price-Truck-Wheel-Balancer-and_1600429022907	H368eb3a260734dd6936aa0542a5bd9cfF/Cheap-Price-Truck-Wheel-Balancer-and-Tire.jpg	$879-919	1 set		Cheap Price Truck Wheel Balancer and Tire Changer Tyre Shop Tools
11	Cabled-Mobile-Column-Truck-Bus-Four_1600555745819	H0935dcafe0e14e71abe593bc4912ef30n/Cabled-Mobile-Column-Truck-Bus-Four-Post.jpg	$4,991-5,254	1 set		Cabled Mobile Column Truck Bus Four Post Hydraulic Car Lift Heavy Duty Column Lift Hydraulic Truck Lifter
11	Customized-Three-Bridge-Truck-Garage-Equipment_10000018480694	A8e3071a1a1714ab1a4fd9b7703cb8225R/Customized-Three-Bridge-Truck-Garage-Equipment-Alignment.jpg_480x480.jpg	$11,000-11,500	1 set		Customized Three Bridge Truck Garage Equipment Alignment with Wheel Alignment Turntables for Truck Workshop
11	Garage-Equipment-Truck-Wheel-Alignment-Outside_10000018837029	Aa992913e85ce49d18081ea1ca6691a6aa/Garage-Equipment-Truck-Wheel-Alignment-Outside-Inside.jpg_480x480.jpg	$11,000-11,500	1 set		Garage Equipment Truck Wheel Alignment Outside Inside Car Workshop Equipment Shop
11	Truck-Garage-Equipment-Alignment-with-Wheel_10000018834064	A84b36e06fc7c4e92b84d72bc6d084fd9F/Truck-Garage-Equipment-Alignment-with-Wheel-Alignment.jpg	$11,000-11,500	1 set		Truck Garage Equipment Alignment with Wheel Alignment Turntables Used Car Lift for Wheel Alignment
11	Customized-Car-Workshop-Machine-Vehicle-Chassis_10000019452338	Aaebfec8b3f294865870b25b4e7751981p/Customized-Car-Workshop-Machine-Vehicle-Chassis-Suspension.jpg	$3,000-3,100	1 set		Customized Car Workshop Machine Vehicle Chassis Suspension Abnormal Sound Detection Equipment Road Driving Simulator for Sale
11	Automotive-Testing-Simulator-Car-Road-Shaking_1601229435200	Hb31466ddff3041c4b667124beff1b59c0/Automotive-Testing-Simulator-Car-Road-Shaking-Equipment.jpg_480x480.jpg	$3,000-3,100	1 set		Automotive Testing Simulator Car Road Shaking Equipment Wholesaler for Car Workshop Red Color
12	Customized-Car-Lift-Chassis-Road-Simulator_1601229166645	H369bf3cff361481d82bfbce673089f1fi/Customized-Car-Lift-Chassis-Road-Simulator-Machine.jpg_480x480.jpg	$3,000-3,100	1 set		Customized Car Lift Chassis Road Simulator Machine for Diagnosing Abnormal Noise
12	Factory-Price-Fast-Vertical-Auto-Tirechanger_1600611701141	H977c9a28fb8e4f36829d792ea03ef020t/Factory-Price-Fast-Vertical-Auto-Tirechanger-Machine.jpg	$700-743	1 set		Factory Price Fast Vertical Auto Tirechanger Machine Tire Changer
12	2024-Hot-Sale-Steel-Pressure-Pedal_1600622213680	Hd933db2b5d0241c8816a25d297ea7415m/2024-Hot-Sale-Steel-Pressure-Pedal-Higher.jpg	$1,370-1,430	1 set		2024 Hot Sale Steel Pressure Pedal Higher Column Replacement Start Touchless/Swing Arm Tire Changer
12	Hot-Selling-Cheap-Tire-Changer-and_1600325047199	Hdc977bbf98a24dd8be36b51edb4b2b35d/Hot-Selling-Cheap-Tire-Changer-and-Balancer.jpg	$700-752	1 set		Hot Selling Cheap Tire Changer and Balancer Combo Max Red Top Blue Customizable OEM Head Motor Power
12	Standard-3-Ton-Hydraulic-Low-Profile_1600909778498	H2d42047e02fe4d90b886dab46c9a2a2fZ/Standard-3-Ton-Hydraulic-Low-Profile-Car.jpg	$85-99	1 set	6 sold	Standard 3 Ton Hydraulic Low Profile Car Lift Jack with Dual Pump
12	Tire-Balancing-Machine-Tyre-Machine-Self_1601093945738	Heea13799560442228fe677417a74c854q/Tire-Balancing-Machine-Tyre-Machine-Self-Calibrating.jpg_480x480.jpg	$350-390	1 set		Tire Balancing Machine Tyre Machine Self-Calibrating Computer Wheel Balancer
12	Rim-10-28-Auto-Repair-Equipment_1601094181151	H0f17f93390a64155be89791ee3f94ad4P/Rim-10-28-Auto-Repair-Equipment-Semi.jpg_480x480.jpg	$359-399	1 set		Rim 10-28" Auto Repair Equipment Semi-Automatic Balancing Machine Car Wheel Balancer
12	Factory-Wholesale-Price-Chassis-Road-Simulator_1601113406488	H5fc2135dec76415b81666a1b7399a7e3L/Factory-Wholesale-Price-Chassis-Road-Simulator-the.jpg_480x480.jpg	$3,000-3,100	1 set		Factory Wholesale Price Chassis Road Simulator the First Choice for Diagnosing Abnormal Noise in the Chassis of the Car
12	Efficiency-Precision-Alignment-Wheel-Aligner-With_1601123716681	Hce7d074f756f430eba0f323025b5c4898/Efficiency-Precision-Alignment-Wheel-Aligner-With-Multiple.jpg_480x480.jpg	$3,400-3,500	1 set		Efficiency Precision Alignment Wheel Aligner With Multiple Models for Sale
12	XPROMISE-3D-Wheel-Balancer-Wheel-Balancing_1600325226009	H2242ed039555430f9bff7d990c94af0en/XPROMISE-3D-Wheel-Balancer-Wheel-Balancing-Machine.jpg	$907-947	1 set		XPROMISE 3D Wheel Balancer Wheel Balancing Machine Car Tyre Balancing Machine for Sale
12	4-Post-Hydraulic-Car-Jack-Lift_1601072542296	Ha1db2f5e9fd7423083d1e8e79d8ce1caq/4-Post-Hydraulic-Car-Jack-Lift-Four.jpg_480x480.jpg	$2,693-2,835	1 unit		4 Post Hydraulic Car Jack Lift Four Post Lift Vehicle Lifting Equipment
12	10-28-Alloy-Wheel-Repair-Equipment_1601094087274	H74a19c140d8b48598fe899aafc6bc7a6b/10-28-Alloy-Wheel-Repair-Equipment-Tyre.jpg_480x480.jpg	$898-938	1 set		10" -28" Alloy Wheel Repair Equipment Tyre Fitting Machine Wheel Balancer
12	Elector-Hydraulic-Driven-Lift-with-Chain_1601378589259	H2c71da96d9384260a92c75a76934dd8b0/Elector-Hydraulic-Driven-Lift-with-Chain-Lifting.png_480x480.jpg	$3,052-3,213	1 set		Electro-Hydraulic Driven Lift with Chain Lifting System Single Post Lift
12	Scissor-Car-Lifts-for-Workshop-Four_1601400451030	H124c02f647bd4166ba50adb1f3f81afc9/Scissor-Car-Lifts-for-Workshop-Four-Post.jpg	$2,650	1 set		Scissor Car Lifts for Workshop Four Post Car Lift Tire Shop Equipment Column Lift Auto Workshop Equipment Tire Repair Machine
12	Automotive-Suspension-Tester-Road-Simulator-Chassis_1601406790973	Hab5c7cc5a55941d09907e84e6e6af43bE/Automotive-Suspension-Tester-Road-Simulator-Chassis-Road.jpg	$2,750-2,950	1 set		Automotive Suspension Tester Road Simulator Chassis Road Simulator Use with Double Cylinder Hydraulic Two Post Car Lifter
12	Chassis-Road-Simulator-Car-Suspension-Test_1601405523048	H3c779b3e8db74ea8bcc7a38899315c34A/Chassis-Road-Simulator-Car-Suspension-Test-Machine.jpg	$450-500	1 set		Chassis Road Simulator/Car Suspension Test Machine 4000kg Automobile Chassis Suspension Rattle Testing Equipment with car lift
