27	12-Inches-Wheel-Dolly-Galvanized-and_1600561809917	H43e568c2e3ff487da68a0eb42a2a5e573/12-Inches-Wheel-Dolly-Galvanized-and-Aluminium.jpg_480x480.jpg	$20-1,000	1 set	1 sold	12 Inch Wheel Dolly (Galvanized and Aluminium) Hydraulic Go Jack Wheel Dolly
27	9-Inches-Car-Dolly-Car-Wheel_1600561804866	Hb9381957e70f46a484b21b15383e06b1E/9-Inches-Car-Dolly-Car-Wheel-Moving.jpg_480x480.jpg	$20-1,000	1 set		9 Inch Car Dolly Wheel Moving Dolly Vehicle Positioning Jack
27	1500lbs-Wheel-Skate-Dolly-with-4_1600561892216	H88f9f0e21f3c4256a9d27819994c1f40i/1500lbs-Wheel-Skate-Dolly-with-4-Swivel.jpg_480x480.jpg	$20-1,000	1 set		1500lbs Wheel Skate Dolly with 4 Swivel Castors Vehicle Positioning Jack
27	Car-Lift-Auto-Truck-Hoist-2_1600554950035	Hf8d88c7ab52c4f69b319f80a96a9e2db5/Car-Lift-Auto-Truck-Hoist-2-Post.jpg_480x480.jpg	$2,850-3,000	1 set		Car Lift Auto Truck Hoist 2 Post Car Lift for Garage Workshop
27	Car-Repair-Shop-Prices-for-Balancer_1600553636765	Ha50039c9e5f44e99983a20a7dd0b6c90A/Car-Repair-Shop-Prices-for-Balancer-Combo.jpg_480x480.jpg	$1,509-1,588	1 unit		Balancer Combo Semi Auto Tire Changing Machine Tire Changer
27	Factory-Supply-Car-Repair-Low-Transmission_1600549750744	H0f572afb22704390aeac6bad45ed4450s/Factory-Supply-Car-Repair-Low-Transmission-Lifting.jpg_480x480.jpg	$20-1,000	1 set		Low Transmission Lifting Jack
27	Disassemble-Simple-and-Cheap-Car-Repair_1600535973915	Hccb0b936923c4b4b9af23bf66a8e325cB/Disassemble-Simple-and-Cheap-Car-Repair-Machine.jpg_480x480.jpg	$1,185-1,247	1 set		Bead Breaker Car/Motorcycle Manual Portable Tire Changer
27	Vehicle-Tire-Repair-Equipment-Tyre-Changing_1600534865858	Hf776a2cb54694899a22b51e7bac2675cq/Vehicle-Tire-Repair-Equipment-Tyre-Changing-Full.jpg_480x480.jpg	$757-797	1 set		Vehicle Tire Repair Equipment Full Automatic Tire Changer Machine
27	Factory-Price-Automatic-Auto-Transmission-Fluid_1600524496319	H7d275adabde346948c55ce536a427899L/Factory-Price-Automatic-Auto-Transmission-Fluid-Oil.jpg_480x480.jpg	$1,138-1,198	1 set		Automatic Transmission Fluid Oil Exchanger ATF Machine / Gearbox Cleaning
27	Auto-Gearbox-Flush-Cleaning-Machine-Automatic_1600524472270	H88f3cb4f52834d6482ccf1377cd179d1B/Auto-Gearbox-Flush-Cleaning-Machine-Automatic-Transmission.jpg_480x480.jpg	$831-874	1 set		Auto Gearbox Flush Cleaning Machine Automatic Transmission Fluid Exchanger
27	Auto-Transmission-Fluid-Oil-Exchange-Exchanger_1600523530953	Had1ff7d314e14bfd8760896646ff42baG/Auto-Transmission-Fluid-Oil-Exchange-Exchanger-Flush.jpg_480x480.jpg	$525-552	1 set		Auto Transmission Fluid Oil Exchanger Flush Cleaning Machine
27	2-tank-Fuel-Injector-Ultrasonic-Cleaning_1600519344158	H2d2558177b94474da027bf4f554ae2985/2-tank-Fuel-Injector-Ultrasonic-Cleaning-Cleaning.jpg_480x480.jpg	$288-303	1 set		2-Tank Fuel Injector Ultrasonic Cleaner & Tester
27	Spray-Booth-Used-Accident-Cars-Paint_1600447551416	He23f315cadf1433cb8b9bdb6e1c0c2e6U/Spray-Booth-Used-Accident-Cars-Paint-Booth.jpg_480x480.jpg	$5,000-6,000	1 set		Spray Booth / Car Paint Booth / Car Painting Machine
27	Auto-Spray-Booths-Yantai-Xpromise-diesel_1600447587651	H9835124c89874d92abf944c2bf3ad9843/Auto-Spray-Booths-Yantai-Xpromise-diesel-Car.jpg_480x480.jpg	$6,000-8,000	1 set		Auto Spray Booth / Diesel Heating Paint Oven / Vehicle Painting Room
27	XP-CE-Wheel-Alignment-Garage-Equipment_1600350163572	XP-CE-Wheel-Alignment-Garage-Equipment-Solution-Design-Tire-Service-Tools-Tire-Shop-Tire-Changer-and-Balancer-Combo.jpg_480x480.jpg	$395-899	1 set		XP CE Garage Equipment Solution: Tire Changer and Balancer Combo
